date,newDeaths28DaysByDeathDate,newAdmissions,hospitalCases,hospitalDeaths,otherDeaths,newDischarges
2022-12-19,1,171.0,1103.0,1.0,0.0,
2022-12-18,7,117.0,1090.0,7.0,0.0,
2022-12-17,9,68.0,1051.0,8.0,1.0,
2022-12-16,12,85.0,1070.0,11.0,1.0,
2022-12-15,12,132.0,1039.0,11.0,1.0,
2022-12-14,11,115.0,1011.0,10.0,1.0,
2022-12-13,9,128.0,964.0,8.0,1.0,
2022-12-12,9,130.0,873.0,8.0,1.0,
2022-12-11,4,112.0,928.0,4.0,0.0,78.0
2022-12-10,7,83.0,907.0,7.0,0.0,83.0
2022-12-09,7,67.0,912.0,7.0,0.0,79.0
2022-12-08,9,82.0,895.0,8.0,1.0,74.0
2022-12-07,12,87.0,895.0,11.0,1.0,74.0
2022-12-06,10,82.0,870.0,9.0,1.0,71.0
2022-12-05,10,91.0,865.0,9.0,1.0,77.0
2022-12-04,7,65.0,862.0,7.0,0.0,62.0
2022-12-03,13,63.0,860.0,12.0,1.0,61.0
2022-12-02,9,54.0,857.0,8.0,1.0,58.0
2022-12-01,10,67.0,863.0,9.0,1.0,59.0
2022-11-30,10,80.0,900.0,9.0,1.0,63.0
2022-11-29,8,86.0,827.0,8.0,0.0,57.0
2022-11-28,11,108.0,786.0,10.0,1.0,54.0
2022-11-27,8,93.0,763.0,8.0,0.0,55.0
2022-11-26,13,42.0,766.0,12.0,1.0,53.0
2022-11-25,6,45.0,771.0,6.0,0.0,53.0
2022-11-24,13,66.0,778.0,12.0,1.0,53.0
2022-11-23,10,53.0,769.0,9.0,1.0,42.0
2022-11-22,10,66.0,762.0,9.0,1.0,49.0
2022-11-21,17,63.0,748.0,16.0,1.0,45.0
2022-11-20,5,53.0,761.0,5.0,0.0,45.0
2022-11-19,12,50.0,741.0,11.0,1.0,43.0
2022-11-18,13,50.0,753.0,12.0,1.0,44.0
2022-11-17,11,50.0,770.0,10.0,1.0,44.0
2022-11-16,4,45.0,820.0,4.0,0.0,52.0
2022-11-15,10,47.0,843.0,9.0,1.0,53.0
2022-11-14,11,65.0,871.0,10.0,1.0,60.0
2022-11-13,9,49.0,876.0,8.0,1.0,58.0
2022-11-12,14,58.0,859.0,13.0,1.0,59.0
2022-11-11,14,55.0,873.0,13.0,1.0,60.0
2022-11-10,6,82.0,878.0,6.0,0.0,64.0
2022-11-09,11,61.0,908.0,10.0,1.0,62.0
2022-11-08,11,70.0,906.0,10.0,1.0,62.0
2022-11-07,15,89.0,934.0,14.0,1.0,65.0
2022-11-06,6,62.0,948.0,6.0,0.0,68.0
2022-11-05,17,51.0,952.0,16.0,1.0,70.0
2022-11-04,13,33.0,995.0,12.0,1.0,71.0
2022-11-03,13,71.0,956.0,12.0,1.0,62.0
2022-11-02,13,72.0,1030.0,12.0,1.0,70.0
2022-11-01,24,104.0,1061.0,23.0,1.0,77.0
2022-10-31,10,82.0,1062.0,9.0,1.0,73.0
2022-10-30,13,103.0,1061.0,12.0,1.0,76.0
2022-10-29,15,67.0,1079.0,14.0,1.0,81.0
2022-10-28,14,62.0,1093.0,13.0,1.0,81.0
2022-10-27,13,109.0,1094.0,12.0,1.0,92.0
2022-10-26,21,98.0,1111.0,20.0,1.0,86.0
2022-10-25,19,86.0,1131.0,18.0,1.0,83.0
2022-10-24,16,105.0,1132.0,15.0,1.0,85.0
2022-10-23,24,107.0,1150.0,23.0,1.0,87.0
2022-10-22,15,79.0,1139.0,14.0,1.0,84.0
2022-10-21,22,99.0,1145.0,21.0,1.0,87.0
2022-10-20,21,138.0,1135.0,20.0,1.0,89.0
2022-10-19,21,133.0,1186.0,20.0,1.0,99.0
2022-10-18,21,120.0,1241.0,20.0,1.0,108.0
2022-10-17,12,120.0,1264.0,11.0,1.0,114.0
2022-10-16,15,111.0,1251.0,14.0,1.0,112.0
2022-10-15,11,95.0,1231.0,10.0,1.0,113.0
2022-10-14,23,116.0,1195.0,22.0,1.0,109.0
2022-10-13,13,138.0,1299.0,12.0,1.0,127.0
2022-10-12,18,123.0,1226.0,17.0,1.0,108.0
2022-10-11,27,157.0,1248.0,25.0,2.0,108.0
2022-10-10,14,135.0,1246.0,13.0,1.0,106.0
2022-10-09,14,152.0,1233.0,13.0,1.0,112.0
2022-10-08,20,86.0,1271.0,19.0,1.0,118.0
2022-10-07,20,98.0,1286.0,19.0,1.0,123.0
2022-10-06,19,120.0,1282.0,18.0,1.0,104.0
2022-10-05,17,159.0,1298.0,16.0,1.0,122.0
2022-10-04,20,173.0,1254.0,19.0,1.0,116.0
2022-10-03,9,149.0,1215.0,8.0,1.0,113.0
2022-10-02,10,127.0,1157.0,9.0,1.0,104.0
2022-10-01,12,128.0,1109.0,11.0,1.0,99.0
2022-09-30,15,111.0,1028.0,14.0,1.0,88.0
2022-09-29,16,136.0,958.0,15.0,1.0,81.0
2022-09-28,4,147.0,945.0,4.0,0.0,77.0
2022-09-27,13,158.0,919.0,12.0,1.0,78.0
2022-09-26,10,132.0,898.0,9.0,1.0,78.0
2022-09-25,11,110.0,834.0,10.0,1.0,75.0
2022-09-24,12,93.0,793.0,11.0,1.0,71.0
2022-09-23,8,73.0,791.0,8.0,0.0,78.0
2022-09-22,12,105.0,804.0,11.0,1.0,86.0
2022-09-21,12,111.0,747.0,11.0,1.0,73.0
2022-09-20,6,96.0,720.0,6.0,0.0,65.0
2022-09-19,11,82.0,702.0,10.0,1.0,58.0
2022-09-18,13,73.0,712.0,12.0,1.0,63.0
2022-09-17,8,49.0,691.0,8.0,0.0,60.0
2022-09-16,7,63.0,734.0,7.0,0.0,65.0
2022-09-15,3,77.0,719.0,3.0,0.0,58.0
2022-09-14,11,83.0,698.0,10.0,1.0,60.0
2022-09-13,3,60.0,700.0,3.0,0.0,59.0
2022-09-12,11,81.0,705.0,10.0,1.0,62.0
2022-09-11,8,73.0,708.0,8.0,0.0,62.0
2022-09-10,10,40.0,714.0,9.0,1.0,64.0
2022-09-09,7,36.0,779.0,7.0,0.0,64.0
2022-09-08,4,58.0,810.0,4.0,0.0,67.0
2022-09-07,9,89.0,832.0,8.0,1.0,75.0
2022-09-06,11,88.0,851.0,10.0,1.0,80.0
2022-09-05,11,56.0,888.0,10.0,1.0,81.0
2022-09-04,14,71.0,886.0,13.0,1.0,79.0
2022-09-03,14,65.0,896.0,13.0,1.0,83.0
2022-09-02,12,64.0,923.0,11.0,1.0,81.0
2022-09-01,10,90.0,950.0,9.0,1.0,84.0
2022-08-31,16,91.0,989.0,15.0,1.0,86.0
2022-08-30,12,107.0,993.0,11.0,1.0,86.0
2022-08-29,7,117.0,977.0,7.0,0.0,88.0
2022-08-28,8,79.0,959.0,8.0,0.0,87.0
2022-08-27,9,61.0,968.0,8.0,1.0,87.0
2022-08-26,10,75.0,1051.0,9.0,1.0,97.0
2022-08-25,8,91.0,1097.0,8.0,0.0,100.0
2022-08-24,9,102.0,1103.0,8.0,1.0,98.0
2022-08-23,12,108.0,1191.0,11.0,1.0,110.0
2022-08-22,21,103.0,1210.0,20.0,1.0,111.0
2022-08-21,13,98.0,1198.0,12.0,1.0,114.0
2022-08-20,17,104.0,1193.0,16.0,1.0,117.0
2022-08-19,10,103.0,1256.0,9.0,1.0,119.0
2022-08-18,15,140.0,1313.0,14.0,1.0,126.0
2022-08-17,7,151.0,1359.0,7.0,0.0,139.0
2022-08-16,18,130.0,1442.0,17.0,1.0,141.0
2022-08-15,20,138.0,1484.0,19.0,1.0,149.0
2022-08-14,20,134.0,1477.0,19.0,1.0,154.0
2022-08-13,22,132.0,1452.0,21.0,1.0,154.0
2022-08-12,17,148.0,1473.0,16.0,1.0,154.0
2022-08-11,22,185.0,1500.0,21.0,1.0,155.0
2022-08-10,21,209.0,1546.0,20.0,1.0,161.0
2022-08-09,23,150.0,1585.0,22.0,1.0,157.0
2022-08-08,24,166.0,1565.0,23.0,1.0,152.0
2022-08-07,25,149.0,1562.0,24.0,1.0,154.0
2022-08-06,19,158.0,1576.0,18.0,1.0,164.0
2022-08-05,14,139.0,1606.0,13.0,1.0,164.0
2022-08-04,27,170.0,1660.0,25.0,2.0,165.0
2022-08-03,25,170.0,1702.0,24.0,1.0,158.0
2022-08-02,21,167.0,1776.0,20.0,1.0,166.0
2022-08-01,24,163.0,1790.0,23.0,1.0,171.0
2022-07-31,18,189.0,1787.0,17.0,1.0,177.0
2022-07-30,19,168.0,1784.0,18.0,1.0,176.0
2022-07-29,27,162.0,1958.0,25.0,2.0,198.0
2022-07-28,25,210.0,1996.0,24.0,1.0,202.0
2022-07-27,20,202.0,2008.0,19.0,1.0,203.0
2022-07-26,25,244.0,2022.0,24.0,1.0,205.0
2022-07-25,17,222.0,2108.0,16.0,1.0,225.0
2022-07-24,23,197.0,2091.0,22.0,1.0,223.0
2022-07-23,25,203.0,2091.0,24.0,1.0,228.0
2022-07-22,19,240.0,2154.0,18.0,1.0,224.0
2022-07-21,24,253.0,2121.0,23.0,1.0,220.0
2022-07-20,23,278.0,2144.0,22.0,1.0,232.0
2022-07-19,38,323.0,2142.0,36.0,2.0,239.0
2022-07-18,21,262.0,2133.0,20.0,1.0,231.0
2022-07-17,31,279.0,2098.0,29.0,2.0,239.0
2022-07-16,23,196.0,2070.0,22.0,1.0,234.0
2022-07-15,24,227.0,2265.0,23.0,1.0,251.0
2022-07-14,23,290.0,2089.0,22.0,1.0,236.0
2022-07-13,20,334.0,2097.0,19.0,1.0,242.0
2022-07-12,27,293.0,2098.0,25.0,2.0,240.0
2022-07-11,15,265.0,2039.0,14.0,1.0,234.0
2022-07-10,19,283.0,1961.0,18.0,1.0,230.0
2022-07-09,19,236.0,1855.0,18.0,1.0,225.0
2022-07-08,19,294.0,1922.0,18.0,1.0,217.0
2022-07-07,20,265.0,1834.0,19.0,1.0,226.0
2022-07-06,13,308.0,1795.0,12.0,1.0,217.0
2022-07-05,25,319.0,1730.0,24.0,1.0,211.0
2022-07-04,16,314.0,1720.0,15.0,1.0,225.0
2022-07-03,10,281.0,1563.0,9.0,1.0,215.0
2022-07-02,16,190.0,1588.0,15.0,1.0,227.0
2022-07-01,15,191.0,1548.0,14.0,1.0,198.0
2022-06-30,10,249.0,1517.0,9.0,1.0,205.0
2022-06-29,11,245.0,1486.0,10.0,1.0,198.0
2022-06-28,11,223.0,1376.0,10.0,1.0,180.0
2022-06-27,13,236.0,1331.0,12.0,1.0,164.0
2022-06-26,7,220.0,1241.0,7.0,0.0,165.0
2022-06-25,8,166.0,1181.0,8.0,0.0,150.0
2022-06-24,13,170.0,1121.0,12.0,1.0,145.0
2022-06-23,10,195.0,1086.0,9.0,1.0,137.0
2022-06-22,12,208.0,1039.0,11.0,1.0,129.0
2022-06-21,6,180.0,1010.0,6.0,0.0,135.0
2022-06-20,8,177.0,946.0,8.0,0.0,124.0
2022-06-19,7,182.0,891.0,7.0,0.0,124.0
2022-06-18,6,160.0,838.0,6.0,0.0,124.0
2022-06-17,2,152.0,798.0,2.0,0.0,126.0
2022-06-16,9,138.0,759.0,8.0,1.0,117.0
2022-06-15,3,152.0,726.0,3.0,0.0,113.0
2022-06-14,6,124.0,690.0,6.0,0.0,104.0
2022-06-13,6,123.0,661.0,6.0,0.0,101.0
2022-06-12,6,107.0,635.0,6.0,0.0,95.0
2022-06-11,9,87.0,582.0,8.0,1.0,84.0
2022-06-10,6,98.0,590.0,6.0,0.0,83.0
2022-06-09,3,98.0,574.0,3.0,0.0,81.0
2022-06-08,7,104.0,581.0,7.0,0.0,79.0
2022-06-07,4,77.0,585.0,4.0,0.0,78.0
2022-06-06,4,93.0,642.0,4.0,0.0,87.0
2022-06-05,4,89.0,626.0,4.0,0.0,86.0
2022-06-04,6,56.0,605.0,6.0,0.0,86.0
2022-06-03,3,51.0,608.0,3.0,0.0,79.0
2022-06-02,5,54.0,605.0,5.0,0.0,75.0
2022-06-01,7,59.0,513.0,7.0,0.0,60.0
2022-05-31,10,86.0,656.0,9.0,1.0,80.0
2022-05-30,8,61.0,652.0,8.0,0.0,66.0
2022-05-29,7,63.0,664.0,7.0,0.0,66.0
2022-05-28,4,48.0,652.0,4.0,0.0,67.0
2022-05-27,7,76.0,654.0,7.0,0.0,69.0
2022-05-26,16,59.0,664.0,15.0,1.0,71.0
2022-05-25,7,65.0,615.0,7.0,0.0,72.0
2022-05-24,7,63.0,650.0,7.0,0.0,53.0
2022-05-23,5,72.0,763.0,5.0,0.0,72.0
2022-05-22,5,63.0,781.0,5.0,0.0,73.0
2022-05-21,9,58.0,777.0,8.0,1.0,75.0
2022-05-20,13,80.0,810.0,12.0,1.0,80.0
2022-05-19,10,116.0,834.0,9.0,1.0,91.0
2022-05-18,7,87.0,883.0,7.0,0.0,108.0
2022-05-17,12,82.0,890.0,11.0,1.0,106.0
2022-05-16,10,100.0,931.0,9.0,1.0,99.0
2022-05-15,19,89.0,925.0,18.0,1.0,97.0
2022-05-14,12,87.0,910.0,11.0,1.0,100.0
2022-05-13,13,79.0,943.0,12.0,1.0,99.0
2022-05-12,17,105.0,991.0,16.0,1.0,100.0
2022-05-11,14,91.0,1077.0,13.0,1.0,105.0
2022-05-10,14,85.0,1128.0,13.0,1.0,112.0
2022-05-09,17,112.0,1149.0,16.0,1.0,110.0
2022-05-08,18,126.0,1105.0,17.0,1.0,110.0
2022-05-07,14,108.0,1119.0,13.0,1.0,116.0
2022-05-06,27,91.0,1216.0,25.0,2.0,125.0
2022-05-05,12,97.0,1282.0,11.0,1.0,128.0
2022-05-04,19,143.0,1330.0,18.0,1.0,129.0
2022-05-03,16,130.0,1357.0,15.0,1.0,132.0
2022-05-02,28,116.0,1375.0,26.0,2.0,130.0
2022-05-01,26,106.0,1365.0,24.0,2.0,131.0
2022-04-30,26,110.0,1388.0,24.0,2.0,131.0
2022-04-29,23,130.0,1460.0,22.0,1.0,134.0
2022-04-28,24,125.0,1524.0,23.0,1.0,136.0
2022-04-27,28,159.0,1562.0,26.0,2.0,135.0
2022-04-26,22,192.0,1650.0,21.0,1.0,152.0
2022-04-25,22,191.0,1712.0,21.0,1.0,170.0
2022-04-24,19,147.0,1737.0,18.0,1.0,182.0
2022-04-23,27,158.0,1757.0,25.0,2.0,188.0
2022-04-22,29,193.0,1890.0,27.0,2.0,205.0
2022-04-21,27,178.0,1995.0,25.0,2.0,218.0
2022-04-20,36,185.0,2103.0,34.0,2.0,231.0
2022-04-19,33,238.0,2176.0,31.0,2.0,234.0
2022-04-18,22,214.0,2023.0,21.0,1.0,206.0
2022-04-17,30,191.0,2192.0,28.0,2.0,232.0
2022-04-16,28,197.0,2217.0,26.0,2.0,238.0
2022-04-15,25,210.0,2188.0,24.0,1.0,217.0
2022-04-14,44,283.0,2164.0,41.0,3.0,212.0
2022-04-13,34,287.0,2293.0,32.0,2.0,230.0
2022-04-12,28,287.0,2438.0,26.0,2.0,248.0
2022-04-11,27,273.0,2473.0,25.0,2.0,282.0
2022-04-10,30,224.0,2428.0,28.0,2.0,256.0
2022-04-09,30,249.0,2417.0,28.0,2.0,258.0
2022-04-08,38,288.0,2529.0,36.0,2.0,288.0
2022-04-07,27,284.0,2501.0,25.0,2.0,290.0
2022-04-06,28,333.0,2464.0,26.0,2.0,274.0
2022-04-05,27,399.0,2435.0,25.0,2.0,265.0
2022-04-04,27,336.0,2389.0,25.0,2.0,262.0
2022-04-03,34,300.0,2315.0,32.0,2.0,268.0
2022-04-02,36,245.0,2279.0,34.0,2.0,263.0
2022-04-01,31,239.0,2387.0,29.0,2.0,257.0
2022-03-31,29,290.0,2352.0,27.0,2.0,256.0
2022-03-30,27,370.0,2337.0,25.0,2.0,265.0
2022-03-29,28,349.0,2239.0,26.0,2.0,248.0
2022-03-28,36,299.0,2212.0,34.0,2.0,244.0
2022-03-27,26,289.0,2157.0,24.0,2.0,246.0
2022-03-26,21,290.0,2026.0,20.0,1.0,241.0
2022-03-25,23,287.0,2027.0,22.0,1.0,234.0
2022-03-24,20,275.0,1932.0,19.0,1.0,224.0
2022-03-23,15,354.0,1896.0,14.0,1.0,220.0
2022-03-22,27,286.0,1836.0,25.0,2.0,217.0
2022-03-21,23,274.0,1761.0,22.0,1.0,208.0
2022-03-20,21,265.0,1704.0,20.0,1.0,205.0
2022-03-19,24,251.0,1633.0,23.0,1.0,208.0
2022-03-18,19,253.0,1625.0,18.0,1.0,202.0
2022-03-17,17,249.0,1579.0,16.0,1.0,206.0
2022-03-16,26,275.0,1577.0,24.0,2.0,198.0
2022-03-15,19,234.0,1542.0,18.0,1.0,195.0
2022-03-14,22,228.0,1514.0,21.0,1.0,195.0
2022-03-13,17,173.0,1456.0,16.0,1.0,183.0
2022-03-12,9,207.0,1396.0,8.0,1.0,180.0
2022-03-11,19,199.0,1371.0,18.0,1.0,170.0
2022-03-10,14,210.0,1350.0,13.0,1.0,168.0
2022-03-09,23,214.0,1329.0,22.0,1.0,157.0
2022-03-08,14,212.0,1308.0,13.0,1.0,157.0
2022-03-07,23,190.0,1286.0,22.0,1.0,152.0
2022-03-06,8,200.0,1212.0,8.0,0.0,155.0
2022-03-05,15,147.0,1213.0,14.0,1.0,154.0
2022-03-04,14,145.0,1192.0,13.0,1.0,148.0
2022-03-03,26,172.0,1183.0,24.0,2.0,142.0
2022-03-02,16,164.0,1208.0,15.0,1.0,143.0
2022-03-01,22,165.0,1210.0,21.0,1.0,138.0
2022-02-28,23,157.0,1219.0,22.0,1.0,138.0
2022-02-27,13,145.0,1178.0,12.0,1.0,134.0
2022-02-26,13,118.0,1204.0,12.0,1.0,134.0
2022-02-25,12,112.0,1243.0,11.0,1.0,138.0
2022-02-24,23,153.0,1256.0,22.0,1.0,139.0
2022-02-23,18,132.0,1301.0,17.0,1.0,137.0
2022-02-22,17,141.0,1315.0,16.0,1.0,136.0
2022-02-21,9,153.0,1378.0,8.0,1.0,145.0
2022-02-20,14,149.0,1252.0,13.0,1.0,133.0
2022-02-19,14,123.0,1321.0,13.0,1.0,140.0
2022-02-18,22,119.0,1227.0,21.0,1.0,121.0
2022-02-17,31,112.0,1403.0,29.0,2.0,137.0
2022-02-16,26,143.0,1437.0,24.0,2.0,136.0
2022-02-15,24,140.0,1487.0,23.0,1.0,140.0
2022-02-14,21,163.0,1509.0,20.0,1.0,134.0
2022-02-13,25,126.0,1484.0,24.0,1.0,143.0
2022-02-12,18,123.0,1488.0,17.0,1.0,134.0
2022-02-11,22,139.0,1519.0,21.0,1.0,154.0
2022-02-10,18,167.0,1562.0,17.0,1.0,145.0
2022-02-09,25,161.0,1647.0,24.0,1.0,155.0
2022-02-08,24,148.0,1714.0,23.0,1.0,158.0
2022-02-07,23,194.0,1730.0,22.0,1.0,162.0
2022-02-06,30,155.0,1724.0,28.0,2.0,168.0
2022-02-05,35,152.0,1708.0,33.0,2.0,167.0
2022-02-04,21,179.0,1810.0,20.0,1.0,183.0
2022-02-03,41,128.0,1898.0,39.0,2.0,181.0
2022-02-02,35,214.0,1940.0,33.0,2.0,181.0
2022-02-01,44,235.0,2060.0,41.0,3.0,198.0
2022-01-31,30,211.0,2241.0,28.0,2.0,223.0
2022-01-30,36,179.0,2198.0,34.0,2.0,221.0
2022-01-29,52,188.0,2045.0,49.0,3.0,206.0
2022-01-28,36,170.0,2430.0,34.0,2.0,243.0
2022-01-27,48,195.0,2476.0,45.0,3.0,246.0
2022-01-26,35,237.0,2546.0,33.0,2.0,253.0
2022-01-25,35,244.0,2475.0,33.0,2.0,228.0
2022-01-24,48,252.0,2681.0,45.0,3.0,235.0
2022-01-23,37,218.0,2684.0,35.0,2.0,247.0
2022-01-22,48,187.0,2708.0,45.0,3.0,271.0
2022-01-21,49,243.0,2773.0,46.0,3.0,234.0
2022-01-20,36,286.0,2856.0,34.0,2.0,254.0
2022-01-19,38,309.0,2949.0,36.0,2.0,267.0
2022-01-18,55,285.0,2968.0,52.0,3.0,283.0
2022-01-17,43,310.0,3092.0,40.0,3.0,280.0
2022-01-16,45,295.0,3043.0,42.0,3.0,283.0
2022-01-15,54,291.0,3086.0,51.0,3.0,299.0
2022-01-14,55,268.0,3155.0,52.0,3.0,303.0
2022-01-13,41,351.0,3144.0,39.0,2.0,298.0
2022-01-12,43,386.0,3156.0,40.0,3.0,297.0
2022-01-11,42,401.0,3129.0,40.0,2.0,308.0
2022-01-10,43,407.0,3206.0,40.0,3.0,316.0
2022-01-09,50,362.0,3004.0,47.0,3.0,303.0
2022-01-08,45,383.0,2904.0,42.0,3.0,297.0
2022-01-07,47,330.0,2899.0,44.0,3.0,296.0
2022-01-06,51,371.0,2879.0,48.0,3.0,296.0
2022-01-05,39,387.0,2788.0,37.0,2.0,282.0
2022-01-04,38,377.0,2618.0,36.0,2.0,259.0
2022-01-03,23,479.0,2384.0,22.0,1.0,227.0
2022-01-02,23,362.0,1965.0,22.0,1.0,211.0
2022-01-01,31,353.0,2084.0,29.0,2.0,240.0
2021-12-31,31,326.0,1942.0,29.0,2.0,222.0
2021-12-30,34,393.0,1708.0,32.0,2.0,197.0
2021-12-29,15,404.0,1530.0,14.0,1.0,190.0
2021-12-28,23,305.0,1392.0,22.0,1.0,186.0
2021-12-27,20,260.0,1226.0,19.0,1.0,165.0
2021-12-26,9,213.0,945.0,8.0,1.0,165.0
2021-12-25,14,186.0,901.0,13.0,1.0,120.0
2021-12-24,14,151.0,1008.0,13.0,1.0,133.0
2021-12-23,22,173.0,992.0,21.0,1.0,135.0
2021-12-22,13,173.0,983.0,12.0,1.0,126.0
2021-12-21,10,186.0,909.0,9.0,1.0,120.0
2021-12-20,23,145.0,891.0,22.0,1.0,124.0
2021-12-19,16,125.0,878.0,15.0,1.0,138.0
2021-12-18,11,98.0,859.0,10.0,1.0,130.0
2021-12-17,11,97.0,859.0,10.0,1.0,107.0
2021-12-16,16,105.0,848.0,15.0,1.0,99.0
2021-12-15,17,100.0,856.0,16.0,1.0,90.0
2021-12-14,18,109.0,846.0,17.0,1.0,87.0
2021-12-13,11,98.0,852.0,10.0,1.0,86.0
2021-12-12,17,103.0,830.0,16.0,1.0,81.0
2021-12-11,10,103.0,806.0,9.0,1.0,81.0
2021-12-10,14,73.0,829.0,13.0,1.0,81.0
2021-12-09,12,89.0,832.0,11.0,1.0,81.0
2021-12-08,16,104.0,811.0,15.0,1.0,78.0
2021-12-07,19,82.0,818.0,18.0,1.0,76.0
2021-12-06,10,91.0,796.0,9.0,1.0,71.0
2021-12-05,10,83.0,812.0,9.0,1.0,75.0
2021-12-04,23,85.0,764.0,22.0,1.0,67.0
2021-12-03,11,66.0,784.0,10.0,1.0,66.0
2021-12-02,8,87.0,797.0,8.0,0.0,67.0
2021-12-01,13,88.0,802.0,12.0,1.0,69.0
2021-11-30,12,80.0,838.0,11.0,1.0,74.0
2021-11-29,13,84.0,834.0,12.0,1.0,75.0
2021-11-28,13,72.0,829.0,12.0,1.0,70.0
2021-11-27,19,69.0,822.0,18.0,1.0,74.0
2021-11-26,17,89.0,852.0,16.0,1.0,78.0
2021-11-25,20,88.0,853.0,19.0,1.0,75.0
2021-11-24,11,88.0,876.0,10.0,1.0,78.0
2021-11-23,12,90.0,891.0,11.0,1.0,76.0
2021-11-22,10,76.0,905.0,9.0,1.0,78.0
2021-11-21,10,83.0,891.0,9.0,1.0,79.0
2021-11-20,17,78.0,889.0,16.0,1.0,81.0
2021-11-19,11,94.0,909.0,10.0,1.0,81.0
2021-11-18,20,80.0,939.0,19.0,1.0,84.0
2021-11-17,23,110.0,957.0,22.0,1.0,85.0
2021-11-16,30,116.0,968.0,28.0,2.0,86.0
2021-11-15,31,97.0,1024.0,29.0,2.0,92.0
2021-11-14,17,87.0,1011.0,16.0,1.0,92.0
2021-11-13,21,107.0,1006.0,20.0,1.0,95.0
2021-11-12,17,94.0,1034.0,16.0,1.0,95.0
2021-11-11,18,102.0,1039.0,17.0,1.0,95.0
2021-11-10,22,124.0,1062.0,21.0,1.0,98.0
2021-11-09,17,114.0,1074.0,16.0,1.0,99.0
2021-11-08,26,114.0,1115.0,24.0,2.0,100.0
2021-11-07,18,102.0,1087.0,17.0,1.0,100.0
2021-11-06,32,108.0,1087.0,30.0,2.0,100.0
2021-11-05,13,113.0,1086.0,12.0,1.0,99.0
2021-11-04,24,121.0,1119.0,23.0,1.0,105.0
2021-11-03,29,121.0,1139.0,27.0,2.0,103.0
2021-11-02,14,130.0,1151.0,13.0,1.0,106.0
2021-11-01,20,131.0,1152.0,19.0,1.0,103.0
2021-10-31,25,129.0,1128.0,24.0,1.0,107.0
2021-10-30,25,122.0,1098.0,24.0,1.0,105.0
2021-10-29,20,144.0,1086.0,19.0,1.0,107.0
2021-10-28,29,119.0,1097.0,27.0,2.0,103.0
2021-10-27,17,131.0,1082.0,16.0,1.0,101.0
2021-10-26,22,134.0,1048.0,21.0,1.0,94.0
2021-10-25,20,139.0,1044.0,19.0,1.0,94.0
2021-10-24,19,119.0,1012.0,18.0,1.0,93.0
2021-10-23,21,100.0,993.0,20.0,1.0,92.0
2021-10-22,15,149.0,990.0,14.0,1.0,94.0
2021-10-21,27,121.0,977.0,25.0,2.0,91.0
2021-10-20,24,158.0,958.0,23.0,1.0,94.0
2021-10-19,15,121.0,913.0,14.0,1.0,91.0
2021-10-18,19,132.0,919.0,18.0,1.0,92.0
2021-10-17,20,126.0,891.0,19.0,1.0,93.0
2021-10-16,19,90.0,834.0,18.0,1.0,87.0
2021-10-15,19,132.0,825.0,18.0,1.0,83.0
2021-10-14,17,109.0,830.0,16.0,1.0,85.0
2021-10-13,15,106.0,827.0,14.0,1.0,81.0
2021-10-12,15,116.0,757.0,14.0,1.0,77.0
2021-10-11,16,102.0,808.0,15.0,1.0,79.0
2021-10-10,13,85.0,788.0,12.0,1.0,76.0
2021-10-09,20,83.0,772.0,19.0,1.0,80.0
2021-10-08,9,77.0,779.0,8.0,1.0,76.0
2021-10-07,19,87.0,779.0,18.0,1.0,72.0
2021-10-06,16,93.0,803.0,15.0,1.0,74.0
2021-10-05,13,88.0,814.0,12.0,1.0,82.0
2021-10-04,17,93.0,773.0,16.0,1.0,67.0
2021-10-03,16,97.0,744.0,15.0,1.0,67.0
2021-10-02,12,99.0,788.0,11.0,1.0,79.0
2021-10-01,19,87.0,786.0,18.0,1.0,78.0
2021-09-30,12,99.0,793.0,11.0,1.0,82.0
2021-09-29,10,101.0,834.0,9.0,1.0,86.0
2021-09-28,13,94.0,858.0,12.0,1.0,89.0
2021-09-27,7,90.0,870.0,7.0,0.0,97.0
2021-09-26,8,75.0,788.0,8.0,0.0,90.0
2021-09-25,16,94.0,825.0,15.0,1.0,87.0
2021-09-24,14,97.0,829.0,13.0,1.0,90.0
2021-09-23,24,83.0,845.0,23.0,1.0,88.0
2021-09-22,14,83.0,850.0,13.0,1.0,79.0
2021-09-21,13,112.0,859.0,12.0,1.0,80.0
2021-09-20,14,93.0,913.0,13.0,1.0,85.0
2021-09-19,16,95.0,888.0,15.0,1.0,93.0
2021-09-18,18,91.0,916.0,17.0,1.0,91.0
2021-09-17,21,82.0,955.0,20.0,1.0,93.0
2021-09-16,19,96.0,958.0,18.0,1.0,94.0
2021-09-15,20,136.0,972.0,19.0,1.0,102.0
2021-09-14,21,109.0,933.0,20.0,1.0,93.0
2021-09-13,14,92.0,973.0,13.0,1.0,91.0
2021-09-12,15,91.0,887.0,14.0,1.0,83.0
2021-09-11,21,94.0,902.0,20.0,1.0,82.0
2021-09-10,17,105.0,983.0,16.0,1.0,91.0
2021-09-09,21,147.0,933.0,20.0,1.0,91.0
2021-09-08,20,157.0,943.0,19.0,1.0,93.0
2021-09-07,25,108.0,967.0,24.0,1.0,102.0
2021-09-06,15,119.0,966.0,14.0,1.0,99.0
2021-09-05,21,109.0,962.0,20.0,1.0,112.0
2021-09-04,15,99.0,938.0,14.0,1.0,108.0
2021-09-03,16,109.0,975.0,15.0,1.0,102.0
2021-09-02,14,128.0,962.0,13.0,1.0,106.0
2021-09-01,12,116.0,924.0,11.0,1.0,94.0
2021-08-31,14,121.0,949.0,13.0,1.0,98.0
2021-08-30,11,115.0,903.0,10.0,1.0,91.0
2021-08-29,14,90.0,882.0,13.0,1.0,87.0
2021-08-28,13,101.0,854.0,12.0,1.0,87.0
2021-08-27,17,119.0,864.0,16.0,1.0,84.0
2021-08-26,15,83.0,889.0,14.0,1.0,83.0
2021-08-25,12,113.0,898.0,11.0,1.0,90.0
2021-08-24,20,122.0,922.0,19.0,1.0,89.0
2021-08-23,18,107.0,937.0,17.0,1.0,95.0
2021-08-22,9,125.0,880.0,8.0,1.0,96.0
2021-08-21,16,112.0,862.0,15.0,1.0,98.0
2021-08-20,17,104.0,895.0,16.0,1.0,100.0
2021-08-19,14,121.0,882.0,13.0,1.0,100.0
2021-08-18,7,120.0,904.0,7.0,0.0,103.0
2021-08-17,10,125.0,849.0,9.0,1.0,94.0
2021-08-16,11,122.0,835.0,10.0,1.0,93.0
2021-08-15,10,119.0,813.0,9.0,1.0,97.0
2021-08-14,12,102.0,795.0,11.0,1.0,96.0
2021-08-13,13,112.0,815.0,12.0,1.0,96.0
2021-08-12,16,113.0,799.0,15.0,1.0,94.0
2021-08-11,19,98.0,824.0,18.0,1.0,90.0
2021-08-10,15,131.0,864.0,14.0,1.0,103.0
2021-08-09,16,108.0,863.0,15.0,1.0,102.0
2021-08-08,13,105.0,827.0,12.0,1.0,98.0
2021-08-07,15,110.0,816.0,14.0,1.0,100.0
2021-08-06,12,104.0,818.0,11.0,1.0,96.0
2021-08-05,18,109.0,826.0,17.0,1.0,99.0
2021-08-04,13,116.0,840.0,12.0,1.0,101.0
2021-08-03,10,92.0,863.0,9.0,1.0,93.0
2021-08-02,14,116.0,888.0,13.0,1.0,98.0
2021-08-01,15,110.0,864.0,14.0,1.0,101.0
2021-07-31,11,88.0,828.0,10.0,1.0,94.0
2021-07-30,26,117.0,870.0,24.0,2.0,100.0
2021-07-29,17,135.0,862.0,16.0,1.0,102.0
2021-07-28,12,137.0,872.0,11.0,1.0,104.0
2021-07-27,17,118.0,897.0,16.0,1.0,107.0
2021-07-26,17,116.0,871.0,16.0,1.0,100.0
2021-07-25,13,123.0,879.0,12.0,1.0,106.0
2021-07-24,9,131.0,827.0,8.0,1.0,110.0
2021-07-23,16,130.0,830.0,15.0,1.0,108.0
2021-07-22,23,126.0,835.0,22.0,1.0,108.0
2021-07-21,8,124.0,819.0,8.0,0.0,103.0
2021-07-20,12,134.0,807.0,11.0,1.0,100.0
2021-07-19,14,141.0,800.0,13.0,1.0,107.0
2021-07-18,16,110.0,786.0,15.0,1.0,102.0
2021-07-17,9,98.0,754.0,8.0,1.0,100.0
2021-07-16,18,102.0,794.0,17.0,1.0,101.0
2021-07-15,15,120.0,788.0,14.0,1.0,99.0
2021-07-14,9,110.0,771.0,8.0,1.0,97.0
2021-07-13,14,123.0,772.0,13.0,1.0,97.0
2021-07-12,10,105.0,738.0,9.0,1.0,89.0
2021-07-11,12,104.0,703.0,11.0,1.0,86.0
2021-07-10,12,106.0,655.0,11.0,1.0,84.0
2021-07-09,13,108.0,648.0,12.0,1.0,79.0
2021-07-08,10,108.0,596.0,9.0,1.0,71.0
2021-07-07,8,103.0,600.0,8.0,0.0,73.0
2021-07-06,6,102.0,570.0,6.0,0.0,67.0
2021-07-05,6,114.0,561.0,6.0,0.0,72.0
2021-07-04,10,80.0,524.0,9.0,1.0,69.0
2021-07-03,7,80.0,506.0,7.0,0.0,70.0
2021-07-02,13,83.0,514.0,12.0,1.0,68.0
2021-07-01,5,76.0,498.0,5.0,0.0,70.0
2021-06-30,9,81.0,489.0,8.0,1.0,65.0
2021-06-29,7,71.0,479.0,7.0,0.0,63.0
2021-06-28,7,75.0,498.0,7.0,0.0,61.0
2021-06-27,6,62.0,466.0,6.0,0.0,60.0
2021-06-26,3,65.0,442.0,3.0,0.0,57.0
2021-06-25,7,61.0,429.0,7.0,0.0,52.0
2021-06-24,9,57.0,444.0,8.0,1.0,53.0
2021-06-23,4,60.0,437.0,4.0,0.0,51.0
2021-06-22,4,42.0,445.0,4.0,0.0,50.0
2021-06-21,10,64.0,436.0,9.0,1.0,44.0
2021-06-20,10,42.0,412.0,9.0,1.0,42.0
2021-06-19,10,53.0,384.0,9.0,1.0,39.0
2021-06-18,4,65.0,411.0,4.0,0.0,45.0
2021-06-17,1,68.0,388.0,1.0,0.0,43.0
2021-06-16,5,55.0,379.0,5.0,0.0,41.0
2021-06-15,6,58.0,349.0,6.0,0.0,38.0
2021-06-14,6,72.0,328.0,6.0,0.0,38.0
2021-06-13,0,66.0,323.0,0.0,0.0,45.0
2021-06-12,3,57.0,300.0,3.0,0.0,47.0
2021-06-11,3,51.0,272.0,3.0,0.0,38.0
2021-06-10,3,63.0,271.0,3.0,0.0,40.0
2021-06-09,3,50.0,256.0,3.0,0.0,39.0
2021-06-08,1,43.0,246.0,1.0,0.0,40.0
2021-06-07,3,43.0,245.0,3.0,0.0,39.0
2021-06-06,1,45.0,223.0,1.0,0.0,34.0
2021-06-05,2,43.0,210.0,2.0,0.0,33.0
2021-06-04,4,30.0,202.0,4.0,0.0,33.0
2021-06-03,4,32.0,192.0,4.0,0.0,27.0
2021-06-02,2,38.0,196.0,2.0,0.0,28.0
2021-06-01,1,31.0,184.0,1.0,0.0,26.0
2021-05-31,2,19.0,184.0,2.0,0.0,23.0
2021-05-30,3,25.0,171.0,3.0,0.0,21.0
2021-05-29,2,13.0,170.0,2.0,0.0,19.0
2021-05-28,3,25.0,173.0,3.0,0.0,20.0
2021-05-27,2,21.0,173.0,2.0,0.0,20.0
2021-05-26,3,27.0,166.0,3.0,0.0,16.0
2021-05-25,1,24.0,174.0,1.0,0.0,18.0
2021-05-24,2,31.0,174.0,2.0,0.0,20.0
2021-05-23,3,22.0,158.0,3.0,0.0,19.0
2021-05-22,1,14.0,158.0,1.0,0.0,20.0
2021-05-21,3,22.0,153.0,3.0,0.0,18.0
2021-05-20,1,19.0,155.0,1.0,0.0,18.0
2021-05-19,0,18.0,151.0,0.0,0.0,18.0
2021-05-18,0,19.0,142.0,0.0,0.0,15.0
2021-05-17,1,13.0,152.0,1.0,0.0,14.0
2021-05-16,1,16.0,149.0,1.0,0.0,15.0
2021-05-15,2,13.0,152.0,2.0,0.0,15.0
2021-05-14,0,18.0,151.0,0.0,0.0,16.0
2021-05-13,2,23.0,152.0,2.0,0.0,16.0
2021-05-12,1,17.0,158.0,1.0,0.0,17.0
2021-05-11,3,15.0,159.0,3.0,0.0,17.0
2021-05-10,4,16.0,163.0,4.0,0.0,17.0
2021-05-09,2,13.0,164.0,2.0,0.0,17.0
2021-05-08,0,11.0,172.0,0.0,0.0,17.0
2021-05-07,0,11.0,177.0,0.0,0.0,17.0
2021-05-06,0,11.0,166.0,0.0,0.0,14.0
2021-05-05,3,19.0,178.0,3.0,0.0,15.0
2021-05-04,1,12.0,203.0,1.0,0.0,18.0
2021-05-03,1,26.0,181.0,1.0,0.0,16.0
2021-05-02,1,16.0,172.0,1.0,0.0,15.0
2021-05-01,1,10.0,178.0,1.0,0.0,15.0
2021-04-30,0,10.0,188.0,0.0,0.0,15.0
2021-04-29,5,12.0,196.0,5.0,0.0,18.0
2021-04-28,2,18.0,196.0,2.0,0.0,16.0
2021-04-27,1,18.0,202.0,1.0,0.0,14.0
2021-04-26,2,10.0,217.0,2.0,0.0,17.0
2021-04-25,1,13.0,215.0,1.0,0.0,17.0
2021-04-24,3,11.0,216.0,3.0,0.0,17.0
2021-04-23,1,13.0,229.0,1.0,0.0,17.0
2021-04-22,2,17.0,236.0,2.0,0.0,18.0
2021-04-21,2,20.0,247.0,2.0,0.0,20.0
2021-04-20,6,13.0,264.0,6.0,0.0,20.0
2021-04-19,3,16.0,281.0,3.0,0.0,21.0
2021-04-18,2,11.0,275.0,2.0,0.0,20.0
2021-04-17,1,15.0,276.0,1.0,0.0,21.0
2021-04-16,2,17.0,309.0,2.0,0.0,24.0
2021-04-15,4,16.0,330.0,4.0,0.0,26.0
2021-04-14,3,29.0,358.0,3.0,0.0,30.0
2021-04-13,4,15.0,373.0,4.0,0.0,30.0
2021-04-12,7,24.0,351.0,7.0,0.0,26.0
2021-04-11,2,21.0,352.0,2.0,0.0,28.0
2021-04-10,4,26.0,360.0,4.0,0.0,30.0
2021-04-09,6,19.0,422.0,6.0,0.0,34.0
2021-04-08,6,26.0,434.0,6.0,0.0,34.0
2021-04-07,4,25.0,457.0,4.0,0.0,32.0
2021-04-06,3,22.0,481.0,3.0,0.0,35.0
2021-04-05,1,25.0,507.0,1.0,0.0,42.0
2021-04-04,4,27.0,499.0,4.0,0.0,41.0
2021-04-03,4,37.0,495.0,4.0,0.0,41.0
2021-04-02,3,33.0,512.0,3.0,0.0,37.0
2021-04-01,7,31.0,558.0,7.0,0.0,43.0
2021-03-31,4,35.0,591.0,4.0,0.0,45.0
2021-03-30,7,35.0,632.0,7.0,0.0,49.0
2021-03-29,4,40.0,648.0,4.0,0.0,49.0
2021-03-28,8,32.0,622.0,8.0,0.0,47.0
2021-03-27,3,43.0,632.0,3.0,0.0,50.0
2021-03-26,5,38.0,678.0,5.0,0.0,55.0
2021-03-25,12,49.0,693.0,11.0,1.0,52.0
2021-03-24,9,48.0,723.0,8.0,1.0,53.0
2021-03-23,13,54.0,749.0,12.0,1.0,53.0
2021-03-22,6,59.0,787.0,6.0,0.0,59.0
2021-03-21,12,44.0,766.0,11.0,1.0,60.0
2021-03-20,12,66.0,779.0,11.0,1.0,63.0
2021-03-19,12,43.0,819.0,11.0,1.0,62.0
2021-03-18,6,50.0,847.0,6.0,0.0,65.0
2021-03-17,11,61.0,911.0,10.0,1.0,71.0
2021-03-16,13,55.0,952.0,12.0,1.0,73.0
2021-03-15,17,70.0,992.0,16.0,1.0,74.0
2021-03-14,21,63.0,1002.0,20.0,1.0,80.0
2021-03-13,13,79.0,986.0,12.0,1.0,77.0
2021-03-12,10,54.0,1040.0,9.0,1.0,81.0
2021-03-11,15,55.0,1080.0,14.0,1.0,82.0
2021-03-10,15,85.0,1118.0,14.0,1.0,82.0
2021-03-09,17,75.0,1167.0,16.0,1.0,85.0
2021-03-08,17,95.0,1218.0,16.0,1.0,90.0
2021-03-07,24,74.0,1211.0,23.0,1.0,89.0
2021-03-06,23,92.0,1222.0,22.0,1.0,93.0
2021-03-05,33,79.0,1311.0,31.0,2.0,99.0
2021-03-04,16,80.0,1363.0,15.0,1.0,104.0
2021-03-03,15,79.0,1447.0,14.0,1.0,109.0
2021-03-02,20,97.0,1540.0,19.0,1.0,118.0
2021-03-01,31,110.0,1622.0,29.0,2.0,123.0
2021-02-28,41,121.0,1602.0,39.0,2.0,126.0
2021-02-27,24,96.0,1628.0,23.0,1.0,128.0
2021-02-26,42,103.0,1724.0,40.0,2.0,131.0
2021-02-25,27,120.0,1830.0,25.0,2.0,143.0
2021-02-24,41,108.0,1938.0,39.0,2.0,147.0
2021-02-23,43,165.0,1978.0,40.0,3.0,147.0
2021-02-22,43,144.0,2078.0,40.0,3.0,152.0
2021-02-21,43,133.0,2072.0,40.0,3.0,156.0
2021-02-20,42,148.0,2071.0,40.0,2.0,157.0
2021-02-19,46,163.0,2198.0,43.0,3.0,170.0
2021-02-18,68,148.0,2322.0,64.0,4.0,171.0
2021-02-17,67,178.0,2391.0,63.0,4.0,172.0
2021-02-16,70,174.0,2513.0,66.0,4.0,181.0
2021-02-15,58,227.0,2621.0,55.0,3.0,192.0
2021-02-14,73,177.0,2610.0,69.0,4.0,193.0
2021-02-13,80,212.0,2631.0,75.0,5.0,201.0
2021-02-12,83,189.0,2754.0,78.0,5.0,199.0
2021-02-11,88,223.0,2916.0,83.0,5.0,212.0
2021-02-10,97,234.0,3000.0,91.0,6.0,218.0
2021-02-09,83,233.0,3108.0,78.0,5.0,223.0
2021-02-08,96,242.0,3248.0,90.0,6.0,225.0
2021-02-07,77,234.0,3270.0,72.0,5.0,237.0
2021-02-06,74,224.0,3292.0,70.0,4.0,240.0
2021-02-05,100,241.0,3440.0,94.0,6.0,248.0
2021-02-04,98,277.0,3557.0,92.0,6.0,248.0
2021-02-03,115,303.0,3707.0,108.0,7.0,265.0
2021-02-02,110,309.0,3854.0,103.0,7.0,278.0
2021-02-01,123,352.0,4017.0,116.0,7.0,293.0
2021-01-31,120,308.0,3834.0,113.0,7.0,269.0
2021-01-30,109,256.0,3994.0,103.0,6.0,288.0
2021-01-29,133,331.0,4136.0,125.0,8.0,296.0
2021-01-28,142,342.0,4203.0,134.0,8.0,292.0
2021-01-27,137,377.0,4264.0,129.0,8.0,287.0
2021-01-26,128,413.0,4346.0,120.0,8.0,290.0
2021-01-25,132,362.0,4122.0,124.0,8.0,235.0
2021-01-24,127,390.0,4338.0,119.0,8.0,303.0
2021-01-23,137,355.0,4254.0,129.0,8.0,279.0
2021-01-22,136,405.0,4315.0,128.0,8.0,277.0
2021-01-21,121,417.0,4287.0,114.0,7.0,277.0
2021-01-20,141,485.0,4318.0,133.0,8.0,288.0
2021-01-19,146,472.0,4307.0,137.0,9.0,280.0
2021-01-18,130,438.0,4242.0,122.0,8.0,314.0
2021-01-17,123,386.0,4151.0,116.0,7.0,270.0
2021-01-16,114,439.0,4021.0,107.0,7.0,279.0
2021-01-15,117,434.0,4039.0,110.0,7.0,279.0
2021-01-14,118,420.0,3912.0,111.0,7.0,266.0
2021-01-13,125,480.0,3849.0,118.0,7.0,254.0
2021-01-12,91,467.0,3785.0,86.0,5.0,253.0
2021-01-11,107,452.0,3733.0,101.0,6.0,260.0
2021-01-10,96,396.0,3465.0,90.0,6.0,240.0
2021-01-09,101,446.0,3332.0,95.0,6.0,242.0
2021-01-08,91,385.0,3238.0,86.0,5.0,223.0
2021-01-07,87,421.0,3104.0,82.0,5.0,226.0
2021-01-06,98,441.0,2996.0,92.0,6.0,218.0
2021-01-05,79,414.0,2925.0,74.0,5.0,211.0
2021-01-04,65,353.0,2812.0,61.0,4.0,194.0
2021-01-03,68,315.0,2605.0,64.0,4.0,194.0
2021-01-02,60,247.0,2410.0,56.0,4.0,163.0
2021-01-01,53,210.0,2540.0,50.0,3.0,175.0
2020-12-31,75,209.0,2550.0,71.0,4.0,167.0
2020-12-30,55,278.0,2514.0,52.0,3.0,160.0
2020-12-29,65,257.0,2352.0,61.0,4.0,126.0
2020-12-28,77,262.0,2346.0,72.0,5.0,127.0
2020-12-27,53,234.0,2226.0,50.0,3.0,130.0
2020-12-26,61,191.0,2144.0,57.0,4.0,137.0
2020-12-25,62,187.0,2103.0,58.0,4.0,109.0
2020-12-24,69,156.0,2245.0,65.0,4.0,121.0
2020-12-23,58,217.0,2333.0,55.0,3.0,129.0
2020-12-22,52,231.0,2406.0,49.0,3.0,161.0
2020-12-21,55,215.0,2399.0,52.0,3.0,157.0
2020-12-20,45,221.0,2315.0,42.0,3.0,161.0
2020-12-19,52,187.0,2253.0,49.0,3.0,165.0
2020-12-18,52,216.0,2255.0,49.0,3.0,176.0
2020-12-17,37,220.0,2271.0,35.0,2.0,172.0
2020-12-16,48,222.0,2276.0,45.0,3.0,162.0
2020-12-15,45,178.0,2322.0,42.0,3.0,152.0
2020-12-14,60,176.0,2325.0,56.0,4.0,147.0
2020-12-13,50,199.0,2266.0,47.0,3.0,147.0
2020-12-12,63,187.0,2255.0,59.0,4.0,152.0
2020-12-11,45,139.0,2278.0,42.0,3.0,145.0
2020-12-10,54,200.0,2287.0,51.0,3.0,139.0
2020-12-09,61,209.0,2218.0,57.0,4.0,125.0
2020-12-08,63,218.0,2332.0,59.0,4.0,138.0
2020-12-07,57,212.0,2388.0,54.0,3.0,151.0
2020-12-06,50,182.0,2247.0,47.0,3.0,138.0
2020-12-05,52,159.0,2302.0,49.0,3.0,145.0
2020-12-04,66,174.0,2368.0,62.0,4.0,153.0
2020-12-03,67,172.0,2434.0,63.0,4.0,155.0
2020-12-02,53,156.0,2368.0,50.0,3.0,149.0
2020-12-01,60,213.0,2517.0,56.0,4.0,154.0
2020-11-30,59,178.0,2572.0,55.0,4.0,149.0
2020-11-29,56,193.0,2510.0,53.0,3.0,160.0
2020-11-28,56,151.0,2355.0,53.0,3.0,136.0
2020-11-27,65,188.0,2551.0,61.0,4.0,157.0
2020-11-26,58,188.0,2607.0,55.0,3.0,159.0
2020-11-25,86,216.0,2700.0,81.0,5.0,186.0
2020-11-24,70,184.0,2811.0,66.0,4.0,175.0
2020-11-23,72,181.0,2810.0,68.0,4.0,166.0
2020-11-22,70,216.0,2794.0,66.0,4.0,174.0
2020-11-21,85,185.0,2769.0,80.0,5.0,185.0
2020-11-20,69,180.0,2859.0,65.0,4.0,168.0
2020-11-19,74,226.0,3025.0,70.0,4.0,187.0
2020-11-18,103,249.0,3061.0,97.0,6.0,181.0
2020-11-17,82,278.0,3097.0,77.0,5.0,183.0
2020-11-16,82,287.0,3158.0,77.0,5.0,205.0
2020-11-15,93,232.0,3063.0,87.0,6.0,193.0
2020-11-14,84,224.0,3011.0,79.0,5.0,195.0
2020-11-13,107,235.0,3042.0,101.0,6.0,189.0
2020-11-12,83,306.0,3023.0,78.0,5.0,173.0
2020-11-11,80,314.0,3044.0,75.0,5.0,184.0
2020-11-10,83,297.0,2876.0,78.0,5.0,157.0
2020-11-09,89,262.0,3042.0,84.0,5.0,167.0
2020-11-08,88,298.0,2953.0,83.0,5.0,178.0
2020-11-07,88,255.0,2883.0,83.0,5.0,180.0
2020-11-06,97,207.0,2968.0,91.0,6.0,185.0
2020-11-05,86,247.0,2815.0,81.0,5.0,157.0
2020-11-04,85,312.0,2956.0,80.0,5.0,173.0
2020-11-03,94,277.0,2946.0,88.0,6.0,191.0
2020-11-02,82,288.0,2883.0,77.0,5.0,163.0
2020-11-01,85,293.0,2800.0,80.0,5.0,164.0
2020-10-31,84,280.0,2752.0,79.0,5.0,171.0
2020-10-30,96,256.0,2593.0,90.0,6.0,143.0
2020-10-29,90,340.0,2676.0,85.0,5.0,190.0
2020-10-28,73,323.0,2603.0,69.0,4.0,162.0
2020-10-27,69,314.0,2566.0,65.0,4.0,167.0
2020-10-26,70,294.0,2495.0,66.0,4.0,168.0
2020-10-25,79,335.0,2396.0,74.0,5.0,173.0
2020-10-24,56,278.0,2269.0,53.0,3.0,165.0
2020-10-23,63,275.0,2200.0,59.0,4.0,185.0
2020-10-22,59,243.0,2017.0,55.0,4.0,137.0
2020-10-21,62,252.0,2097.0,58.0,4.0,151.0
2020-10-20,55,241.0,2099.0,52.0,3.0,148.0
2020-10-19,54,230.0,1884.0,51.0,3.0,125.0
2020-10-18,51,276.0,1849.0,48.0,3.0,130.0
2020-10-17,56,272.0,1772.0,53.0,3.0,136.0
2020-10-16,44,196.0,1710.0,41.0,3.0,128.0
2020-10-15,44,258.0,1610.0,41.0,3.0,144.0
2020-10-14,41,223.0,1554.0,39.0,2.0,123.0
2020-10-13,32,244.0,1460.0,30.0,2.0,113.0
2020-10-12,41,220.0,1304.0,39.0,2.0,117.0
2020-10-11,39,209.0,1274.0,37.0,2.0,110.0
2020-10-10,38,177.0,1213.0,36.0,2.0,101.0
2020-10-09,27,180.0,1158.0,25.0,2.0,102.0
2020-10-08,26,178.0,1146.0,24.0,2.0,105.0
2020-10-07,29,145.0,1077.0,27.0,2.0,94.0
2020-10-06,21,185.0,1043.0,20.0,1.0,96.0
2020-10-05,22,141.0,930.0,21.0,1.0,93.0
2020-10-04,19,208.0,852.0,18.0,1.0,89.0
2020-10-03,23,130.0,758.0,22.0,1.0,79.0
2020-10-02,25,122.0,704.0,24.0,1.0,71.0
2020-10-01,20,128.0,688.0,19.0,1.0,64.0
2020-09-30,22,101.0,686.0,21.0,1.0,68.0
2020-09-29,12,82.0,637.0,11.0,1.0,53.0
2020-09-28,16,110.0,631.0,15.0,1.0,65.0
2020-09-27,14,73.0,562.0,13.0,1.0,49.0
2020-09-26,14,66.0,560.0,13.0,1.0,54.0
2020-09-25,9,71.0,540.0,8.0,1.0,54.0
2020-09-24,13,80.0,506.0,12.0,1.0,45.0
2020-09-23,20,97.0,461.0,19.0,1.0,39.0
2020-09-22,14,80.0,424.0,13.0,1.0,40.0
2020-09-21,3,92.0,398.0,3.0,0.0,36.0
2020-09-20,4,66.0,359.0,4.0,0.0,40.0
2020-09-19,5,52.0,340.0,5.0,0.0,36.0
2020-09-18,6,44.0,315.0,6.0,0.0,32.0
2020-09-17,9,58.0,314.0,8.0,1.0,34.0
2020-09-16,9,54.0,292.0,8.0,1.0,33.0
2020-09-15,5,62.0,274.0,5.0,0.0,34.0
2020-09-14,7,47.0,257.0,7.0,0.0,28.0
2020-09-13,2,51.0,198.0,2.0,0.0,25.0
2020-09-12,8,46.0,201.0,8.0,0.0,27.0
2020-09-11,2,41.0,184.0,2.0,0.0,28.0
2020-09-10,5,43.0,177.0,5.0,0.0,26.0
2020-09-09,6,26.0,176.0,6.0,0.0,25.0
2020-09-08,6,20.0,169.0,6.0,0.0,20.0
2020-09-07,8,31.0,167.0,8.0,0.0,20.0
2020-09-06,4,33.0,142.0,4.0,0.0,21.0
2020-09-05,7,25.0,136.0,7.0,0.0,17.0
2020-09-04,0,14.0,133.0,0.0,0.0,15.0
2020-09-03,2,23.0,130.0,2.0,0.0,13.0
2020-09-02,2,21.0,116.0,2.0,0.0,11.0
2020-09-01,1,17.0,119.0,1.0,0.0,13.0
2020-08-31,2,14.0,114.0,2.0,0.0,11.0
2020-08-30,2,11.0,102.0,2.0,0.0,10.0
2020-08-29,0,15.0,103.0,0.0,0.0,11.0
2020-08-28,3,12.0,89.0,3.0,0.0,9.0
2020-08-27,0,23.0,89.0,0.0,0.0,10.0
2020-08-26,5,12.0,81.0,5.0,0.0,9.0
2020-08-25,5,8.0,98.0,5.0,0.0,9.0
2020-08-24,4,9.0,99.0,4.0,0.0,9.0
2020-08-23,9,9.0,103.0,8.0,1.0,10.0
2020-08-22,3,1.0,108.0,3.0,0.0,8.0
2020-08-21,4,13.0,102.0,4.0,0.0,9.0
2020-08-20,1,6.0,106.0,1.0,0.0,7.0
2020-08-19,1,22.0,105.0,1.0,0.0,9.0
2020-08-18,2,10.0,113.0,2.0,0.0,9.0
2020-08-17,3,9.0,118.0,3.0,0.0,10.0
2020-08-16,1,3.0,137.0,1.0,0.0,12.0
2020-08-15,7,4.0,138.0,7.0,0.0,11.0
2020-08-14,1,7.0,148.0,1.0,0.0,13.0
2020-08-13,2,12.0,149.0,2.0,0.0,14.0
2020-08-12,2,9.0,145.0,2.0,0.0,11.0
2020-08-11,3,13.0,154.0,3.0,0.0,12.0
2020-08-10,2,11.0,161.0,2.0,0.0,12.0
2020-08-09,4,10.0,136.0,4.0,0.0,9.0
2020-08-08,6,41.0,154.0,6.0,0.0,17.0
2020-08-07,3,17.0,160.0,3.0,0.0,17.0
2020-08-06,3,13.0,160.0,3.0,0.0,17.0
2020-08-05,1,12.0,183.0,1.0,0.0,22.0
2020-08-04,2,11.0,181.0,2.0,0.0,20.0
2020-08-03,10,19.0,181.0,9.0,1.0,19.0
2020-08-02,2,12.0,188.0,2.0,0.0,22.0
2020-08-01,1,11.0,191.0,1.0,0.0,16.0
2020-07-31,1,12.0,195.0,1.0,0.0,15.0
2020-07-30,4,21.0,206.0,4.0,0.0,18.0
2020-07-29,4,12.0,205.0,4.0,0.0,14.0
2020-07-28,2,16.0,217.0,2.0,0.0,17.0
2020-07-27,2,12.0,220.0,2.0,0.0,17.0
2020-07-26,3,13.0,222.0,3.0,0.0,16.0
2020-07-25,3,11.0,229.0,3.0,0.0,17.0
2020-07-24,1,22.0,224.0,1.0,0.0,17.0
2020-07-23,3,27.0,231.0,3.0,0.0,17.0
2020-07-22,6,22.0,375.0,6.0,0.0,39.0
2020-07-21,4,27.0,235.0,4.0,0.0,35.0
2020-07-20,2,26.0,242.0,2.0,0.0,38.0
2020-07-19,2,13.0,233.0,2.0,0.0,36.0
2020-07-18,4,10.0,245.0,4.0,0.0,37.0
2020-07-17,4,10.0,263.0,4.0,0.0,38.0
2020-07-16,2,20.0,259.0,2.0,0.0,36.0
2020-07-15,5,19.0,282.0,5.0,0.0,18.0
2020-07-14,6,20.0,286.0,6.0,0.0,21.0
2020-07-13,5,18.0,307.0,5.0,0.0,21.0
2020-07-12,2,8.0,297.0,2.0,0.0,21.0
2020-07-11,5,12.0,312.0,5.0,0.0,21.0
2020-07-10,5,9.0,341.0,5.0,0.0,23.0
2020-07-09,7,24.0,334.0,7.0,0.0,22.0
2020-07-08,4,20.0,362.0,4.0,0.0,23.0
2020-07-07,5,17.0,399.0,5.0,0.0,27.0
2020-07-06,11,20.0,438.0,10.0,1.0,30.0
2020-07-05,5,23.0,440.0,5.0,0.0,32.0
2020-07-04,4,19.0,449.0,4.0,0.0,33.0
2020-07-03,7,30.0,517.0,7.0,0.0,41.0
2020-07-02,5,17.0,562.0,5.0,0.0,48.0
2020-07-01,4,27.0,603.0,4.0,0.0,51.0
2020-06-30,9,22.0,619.0,8.0,1.0,48.0
2020-06-29,10,36.0,641.0,9.0,1.0,48.0
2020-06-28,11,39.0,658.0,10.0,1.0,52.0
2020-06-27,9,48.0,653.0,8.0,1.0,53.0
2020-06-26,7,53.0,693.0,7.0,0.0,52.0
2020-06-25,15,53.0,708.0,14.0,1.0,52.0
2020-06-24,14,71.0,759.0,13.0,1.0,58.0
2020-06-23,21,52.0,780.0,20.0,1.0,62.0
2020-06-22,10,69.0,801.0,9.0,1.0,66.0
2020-06-21,7,54.0,782.0,7.0,0.0,64.0
2020-06-20,11,34.0,814.0,10.0,1.0,67.0
2020-06-19,8,57.0,826.0,8.0,0.0,63.0
2020-06-18,14,71.0,839.0,13.0,1.0,66.0
2020-06-17,14,77.0,876.0,13.0,1.0,64.0
2020-06-16,19,83.0,880.0,18.0,1.0,67.0
2020-06-15,15,78.0,926.0,14.0,1.0,71.0
2020-06-14,15,80.0,912.0,14.0,1.0,74.0
2020-06-13,13,63.0,919.0,12.0,1.0,75.0
2020-06-12,17,92.0,922.0,16.0,1.0,77.0
2020-06-11,16,101.0,936.0,15.0,1.0,81.0
2020-06-10,18,113.0,939.0,17.0,1.0,81.0
2020-06-09,18,98.0,1038.0,17.0,1.0,97.0
2020-06-08,28,68.0,1075.0,26.0,2.0,92.0
2020-06-07,27,66.0,1076.0,25.0,2.0,91.0
2020-06-06,29,56.0,1120.0,27.0,2.0,93.0
2020-06-05,24,75.0,1194.0,23.0,1.0,100.0
2020-06-04,30,124.0,1217.0,28.0,2.0,103.0
2020-06-03,29,122.0,1276.0,27.0,2.0,110.0
2020-06-02,26,121.0,1301.0,24.0,2.0,102.0
2020-06-01,23,149.0,1309.0,22.0,1.0,110.0
2020-05-31,18,126.0,1309.0,17.0,1.0,120.0
2020-05-30,28,97.0,1313.0,26.0,2.0,120.0
2020-05-29,27,121.0,1344.0,25.0,2.0,120.0
2020-05-28,40,145.0,1377.0,38.0,2.0,123.0
2020-05-27,33,148.0,1432.0,31.0,2.0,126.0
2020-05-26,31,112.0,1515.0,29.0,2.0,132.0
2020-05-25,35,121.0,1519.0,33.0,2.0,126.0
2020-05-24,36,128.0,1509.0,34.0,2.0,122.0
2020-05-23,40,125.0,1537.0,38.0,2.0,128.0
2020-05-22,29,160.0,1566.0,27.0,2.0,133.0
2020-05-21,42,165.0,1590.0,40.0,2.0,134.0
2020-05-20,34,151.0,1647.0,32.0,2.0,135.0
2020-05-19,51,173.0,1707.0,48.0,3.0,138.0
2020-05-18,37,171.0,1670.0,35.0,2.0,139.0
2020-05-17,37,169.0,1667.0,35.0,2.0,145.0
2020-05-16,51,178.0,1655.0,48.0,3.0,146.0
2020-05-15,59,153.0,1716.0,55.0,4.0,145.0
2020-05-14,39,164.0,1739.0,37.0,2.0,145.0
2020-05-13,36,186.0,1800.0,34.0,2.0,151.0
2020-05-12,62,186.0,1826.0,58.0,4.0,146.0
2020-05-11,52,203.0,1907.0,49.0,3.0,166.0
2020-05-10,71,156.0,1826.0,67.0,4.0,148.0
2020-05-09,48,167.0,1918.0,45.0,3.0,162.0
2020-05-08,68,169.0,1925.0,64.0,4.0,155.0
2020-05-07,76,182.0,1947.0,71.0,5.0,153.0
2020-05-06,67,158.0,2075.0,63.0,4.0,154.0
2020-05-05,62,201.0,2192.0,58.0,4.0,169.0
2020-05-04,76,189.0,2236.0,71.0,5.0,159.0
2020-05-03,77,194.0,2196.0,72.0,5.0,169.0
2020-05-02,78,186.0,2327.0,73.0,5.0,174.0
2020-05-01,73,181.0,2282.0,69.0,4.0,167.0
2020-04-30,91,214.0,2309.0,86.0,5.0,170.0
2020-04-29,86,227.0,2350.0,81.0,5.0,165.0
2020-04-28,82,194.0,2298.0,77.0,5.0,137.0
2020-04-27,89,223.0,2456.0,84.0,5.0,157.0
2020-04-26,93,181.0,2429.0,87.0,6.0,155.0
2020-04-25,93,202.0,2437.0,87.0,6.0,137.0
2020-04-24,106,211.0,2490.0,100.0,6.0,151.0
2020-04-23,112,182.0,2573.0,105.0,7.0,152.0
2020-04-22,127,214.0,2621.0,119.0,8.0,146.0
2020-04-21,107,260.0,2718.0,101.0,6.0,173.0
2020-04-20,105,226.0,2810.0,99.0,6.0,162.0
2020-04-19,94,214.0,2836.0,88.0,6.0,174.0
2020-04-18,134,206.0,2833.0,126.0,8.0,167.0
2020-04-17,117,273.0,2599.0,110.0,7.0,144.0
2020-04-16,166,254.0,2965.0,156.0,10.0,187.0
2020-04-15,128,247.0,2861.0,120.0,8.0,170.0
2020-04-14,152,269.0,3026.0,143.0,9.0,175.0
2020-04-13,145,304.0,3065.0,136.0,9.0,173.0
2020-04-12,153,294.0,3014.0,144.0,9.0,166.0
2020-04-11,154,313.0,3008.0,145.0,9.0,178.0
2020-04-10,141,352.0,2901.0,133.0,8.0,194.0
2020-04-09,132,477.0,2754.0,124.0,8.0,157.0
2020-04-08,137,410.0,2576.0,129.0,8.0,169.0
2020-04-07,160,375.0,2620.0,151.0,9.0,165.0
2020-04-06,108,392.0,2529.0,102.0,6.0,164.0
2020-04-05,120,379.0,2288.0,113.0,7.0,154.0
2020-04-04,101,398.0,2134.0,95.0,6.0,152.0
2020-04-03,112,446.0,1714.0,105.0,7.0,136.0
2020-04-02,113,434.0,1530.0,106.0,7.0,127.0
2020-04-01,97,466.0,1451.0,91.0,6.0,154.0
2020-03-31,62,342.0,1143.0,58.0,4.0,116.0
2020-03-30,72,420.0,982.0,68.0,4.0,115.0
2020-03-29,49,198.0,819.0,46.0,3.0,111.0
2020-03-28,38,210.0,665.0,36.0,2.0,93.0
2020-03-27,41,219.0,553.0,39.0,2.0,103.0
2020-03-26,31,184.0,381.0,29.0,2.0,82.0
2020-03-25,23,187.0,332.0,22.0,1.0,56.0
2020-03-24,22,122.0,251.0,21.0,1.0,59.0
2020-03-23,21,86.0,237.0,20.0,1.0,39.0
2020-03-22,12,83.0,190.0,11.0,1.0,43.0
2020-03-21,13,71.0,162.0,12.0,1.0,45.0
2020-03-20,9,56.0,130.0,8.0,1.0,37.0
2020-03-19,10,47.0,,9.0,1.0,
